<?xml version="1.0" encoding="UTF-8"?><Signature xmlns="http://www.w3.org/2000/09/xmldsig#"><SignedInfo><CanonicalizationMethod Algorithm="http://www.w3.org/TR/2001/REC-xml-c14n-20010315#WithComments"/><SignatureMethod Algorithm="http://www.w3.org/2000/09/xmldsig#dsa-sha1"/><Reference URI="#foo"><DigestMethod Algorithm="http://www.w3.org/2000/09/xmldsig#sha1"/><DigestValue>eImkedpSvmerkw8Br/VtVZfGOUI=</DigestValue></Reference></SignedInfo><SignatureValue>SQRVncscKt6oLvnsof+sUlHZ3hAJZdB7Xgvgm+7yhVi1ZXcgumUMaw==</SignatureValue><KeyInfo><KeyValue><DSAKeyValue><P>/KaCzo4Syrom78z3EQ5SbbB4sF7ey80etKII864WF64B81uRpH5t9jQTxeEu0ImbzRMqzVDZkVG9
xD7nN1kuFw==</P><Q>li7dzDacuo67Jg7mtqEm2TRuOMU=</Q><G>Z4Rxsnqc9E7pGknFFH2xqaryRPBaQ01khpMdLRQnG541Awtx/XPaF5Bpsy4pNWMOHCBiNU0Nogps
QW5QvnlMpA==</G><Y>nlH99tB6jVAcVx6Ka+DACy4qEhw6CNka8/DyUzpYz4QhU2bGCSHd/Koc02rUUT4b3eF7Fwf1FFd1
vk8qNwUfcg==</Y></DSAKeyValue></KeyValue></KeyInfo><Object Id="object"><Assertion AssertionID="foo"/></Object></Signature>